009,046,102,105,108,101,009,034,099,105,114,099,108,101,046,099,034,010
009,046,116,101,120,116,010
009,046,112,050,097,108,105,103,110,032,052,010
009,046,103,108,111,098,108,009,100,114,097,119,095,099,105,114,099,108,101,010
009,046,116,121,112,101,009,100,114,097,119,095,099,105,114,099,108,101,044,032,064,102,117,110,099,116,105,111,110,010
100,114,097,119,095,099,105,114,099,108,101,058,010
046,076,070,066,053,050,058,010
009,046,099,102,105,095,115,116,097,114,116,112,114,111,099,010
009,101,110,100,098,114,054,052,010
009,112,117,115,104,113,009,037,114,049,053,010
009,046,099,102,105,095,100,101,102,095,099,102,097,095,111,102,102,115,101,116,032,049,054,010
009,046,099,102,105,095,111,102,102,115,101,116,032,049,053,044,032,045,049,054,010
009,109,111,118,097,098,115,113,009,036,051,052,055,050,048,052,052,054,048,057,050,055,053,051,055,052,049,050,049,044,032,037,114,049,053,010
009,112,117,115,104,113,009,037,114,049,052,010
009,046,099,102,105,095,100,101,102,095,099,102,097,095,111,102,102,115,101,116,032,050,052,010
009,046,099,102,105,095,111,102,102,115,101,116,032,049,052,044,032,045,050,052,010
009,109,111,118,097,098,115,113,009,036,050,056,057,051,051,050,051,050,050,054,053,055,048,055,054,048,055,051,055,044,032,037,114,049,052,010
009,112,117,115,104,113,009,037,114,049,051,010
009,046,099,102,105,095,100,101,102,095,099,102,097,095,111,102,102,115,101,116,032,051,050,010
009,046,099,102,105,095,111,102,102,115,101,116,032,049,051,044,032,045,051,050,010
009,109,111,118,097,098,115,113,009,036,052,054,050,057,052,056,055,051,055,052,054,056,052,054,048,048,056,056,057,044,032,037,114,049,051,010
009,112,117,115,104,113,009,037,114,049,050,010
009,046,099,102,105,095,100,101,102,095,099,102,097,095,111,102,102,115,101,116,032,052,048,010
009,046,099,102,105,095,111,102,102,115,101,116,032,049,050,044,032,045,052,048,010
009,109,111,118,097,098,115,113,009,036,052,048,053,048,055,054,053,057,057,049,057,055,057,057,056,055,053,048,053,044,032,037,114,049,050,010
009,112,117,115,104,113,009,037,114,098,112,010
009,046,099,102,105,095,100,101,102,095,099,102,097,095,111,102,102,115,101,116,032,052,056,010
009,046,099,102,105,095,111,102,102,115,101,116,032,054,044,032,045,052,056,010
009,112,117,115,104,113,009,037,114,098,120,010
009,046,099,102,105,095,100,101,102,095,099,102,097,095,111,102,102,115,101,116,032,053,054,010
009,046,099,102,105,095,111,102,102,115,101,116,032,051,044,032,045,053,054,010
009,115,117,098,113,009,036,049,051,054,044,032,037,114,115,112,010
009,046,099,102,105,095,100,101,102,095,099,102,097,095,111,102,102,115,101,116,032,049,057,050,010
009,109,111,118,115,115,009,046,076,067,048,040,037,114,105,112,041,044,032,037,120,109,109,051,010
009,109,111,118,115,100,009,046,076,067,049,040,037,114,105,112,041,044,032,037,120,109,109,050,010
009,109,111,118,113,009,037,102,115,058,052,048,044,032,037,114,097,120,010
009,109,111,118,113,009,037,114,097,120,044,032,049,050,048,040,037,114,115,112,041,010
009,120,111,114,108,009,037,101,097,120,044,032,037,101,097,120,010
009,109,111,118,113,009,037,114,100,105,044,032,056,040,037,114,115,112,041,010
009,109,111,118,108,009,036,045,049,049,051,044,032,052,040,037,114,115,112,041,010
046,076,050,058,010
009,112,120,111,114,009,037,120,109,109,049,044,032,037,120,109,109,049,010
009,109,111,118,113,009,056,040,037,114,115,112,041,044,032,037,114,098,120,010
009,109,111,118,108,009,036,045,051,051,056,044,032,037,101,098,112,010
009,099,118,116,115,105,050,115,115,108,009,052,040,037,114,115,112,041,044,032,037,120,109,109,049,010
009,100,105,118,115,115,009,046,076,067,051,040,037,114,105,112,041,044,032,037,120,109,109,049,010
009,109,117,108,115,115,009,037,120,109,109,049,044,032,037,120,109,109,049,010
009,106,109,112,009,046,076,054,010
009,046,112,050,097,108,105,103,110,032,052,044,044,049,048,010
009,046,112,050,097,108,105,103,110,032,051,010
046,076,051,058,010
009,097,100,100,108,009,036,050,044,032,037,101,098,112,010
009,097,100,100,113,009,036,049,044,032,037,114,098,120,010
009,099,109,112,108,009,036,051,051,056,044,032,037,101,098,112,010
009,106,101,009,046,076,049,052,010
046,076,054,058,010
009,112,120,111,114,009,037,120,109,109,048,044,032,037,120,109,109,048,010
009,099,118,116,115,105,050,115,115,108,009,037,101,098,112,044,032,037,120,109,109,048,010
009,100,105,118,115,115,009,037,120,109,109,051,044,032,037,120,109,109,048,010
009,109,117,108,115,115,009,037,120,109,109,048,044,032,037,120,109,109,048,010
009,097,100,100,115,115,009,037,120,109,109,049,044,032,037,120,109,109,048,010
009,099,118,116,115,115,050,115,100,009,037,120,109,109,048,044,032,037,120,109,109,048,010
009,099,111,109,105,115,100,009,037,120,109,109,050,044,032,037,120,109,109,048,010
009,106,098,101,009,046,076,051,010
009,109,111,118,115,100,009,046,076,067,050,040,037,114,105,112,041,044,032,037,120,109,109,052,010
009,099,111,109,105,115,100,009,037,120,109,109,048,044,032,037,120,109,109,052,010
009,106,098,101,009,046,076,051,010
009,109,111,118,100,113,097,009,046,076,067,052,040,037,114,105,112,041,044,032,037,120,109,109,048,010
009,109,111,118,115,115,009,037,120,109,109,049,044,032,040,037,114,115,112,041,010
009,097,100,100,108,009,036,050,044,032,037,101,098,112,010
009,109,111,118,097,098,115,113,009,036,053,050,048,056,050,048,056,055,053,055,051,056,057,050,049,052,050,055,051,044,032,037,114,097,120,010
009,109,111,118,113,009,037,114,097,120,044,032,052,056,040,037,114,115,112,041,010
009,097,100,100,113,009,036,049,044,032,037,114,098,120,010
009,109,111,118,097,098,115,113,009,036,054,051,054,053,054,053,049,053,050,050,055,057,056,052,052,049,048,052,049,044,032,037,114,097,120,010
009,109,111,118,097,098,115,113,009,036,053,055,056,054,057,051,048,049,052,048,048,057,051,056,050,055,054,053,055,044,032,037,114,100,120,010
009,109,111,118,113,009,037,114,097,120,044,032,054,052,040,037,114,115,112,041,010
009,109,111,118,097,098,115,113,009,036,056,054,056,048,053,051,055,048,053,051,054,049,054,056,057,052,053,055,055,044,032,037,114,097,120,010
009,109,111,118,113,009,037,114,100,120,044,032,053,054,040,037,114,115,112,041,010
009,109,111,118,097,098,115,113,009,036,054,057,052,052,051,055,050,057,048,053,053,048,051,048,053,052,052,050,053,044,032,037,114,100,120,010
009,109,111,118,113,009,037,114,097,120,044,032,057,054,040,037,114,115,112,041,010
009,109,111,118,108,009,036,051,050,051,056,049,044,032,037,101,097,120,010
009,109,111,118,113,009,037,114,049,052,044,032,049,054,040,037,114,115,112,041,010
009,109,111,118,113,009,037,114,049,053,044,032,050,052,040,037,114,115,112,041,010
009,109,111,118,113,009,037,114,049,050,044,032,051,050,040,037,114,115,112,041,010
009,109,111,118,113,009,037,114,049,051,044,032,052,048,040,037,114,115,112,041,010
009,109,111,118,113,009,037,114,100,120,044,032,055,050,040,037,114,115,112,041,010
009,109,111,118,108,009,036,050,048,056,056,052,054,055,048,054,053,044,032,049,048,052,040,037,114,115,112,041,010
009,109,111,118,119,009,037,097,120,044,032,049,048,056,040,037,114,115,112,041,010
009,109,111,118,098,009,036,048,044,032,049,049,048,040,037,114,115,112,041,010
009,109,111,118,097,112,115,009,037,120,109,109,048,044,032,056,048,040,037,114,115,112,041,010
009,099,097,108,108,009,114,097,110,100,064,080,076,084,010
009,109,111,118,115,115,009,046,076,067,048,040,037,114,105,112,041,044,032,037,120,109,109,051,010
009,109,111,118,115,115,009,040,037,114,115,112,041,044,032,037,120,109,109,049,010
009,109,111,118,108,009,037,101,097,120,044,032,037,101,115,105,010
009,099,108,116,113,010
009,105,109,117,108,113,009,036,045,049,051,055,048,055,051,052,050,052,051,044,032,037,114,097,120,044,032,037,114,097,120,010
009,109,111,118,108,009,037,101,115,105,044,032,037,101,100,105,010
009,115,097,114,108,009,036,051,049,044,032,037,101,100,105,010
009,115,104,114,113,009,036,051,050,044,032,037,114,097,120,010
009,097,100,100,108,009,037,101,115,105,044,032,037,101,097,120,010
009,115,097,114,108,009,036,054,044,032,037,101,097,120,010
009,115,117,098,108,009,037,101,100,105,044,032,037,101,097,120,010
009,105,109,117,108,108,009,036,057,052,044,032,037,101,097,120,044,032,037,101,097,120,010
009,115,117,098,108,009,037,101,097,120,044,032,037,101,115,105,010
009,109,111,118,115,108,113,009,037,101,115,105,044,032,037,114,115,105,010
009,109,111,118,122,098,108,009,049,054,040,037,114,115,112,044,037,114,115,105,041,044,032,037,101,097,120,010
009,109,111,118,098,009,037,097,108,044,032,045,049,040,037,114,098,120,041,010
009,109,111,118,113,009,046,076,067,049,040,037,114,105,112,041,044,032,037,114,097,120,010
009,109,111,118,113,009,037,114,097,120,044,032,037,120,109,109,050,010
009,099,109,112,108,009,036,051,051,056,044,032,037,101,098,112,010
009,106,110,101,009,046,076,054,010
046,076,049,052,058,010
009,097,100,100,108,009,036,050,044,032,052,040,037,114,115,112,041,010
009,109,111,118,108,009,052,040,037,114,115,112,041,044,032,037,101,097,120,010
009,097,100,100,113,009,036,051,051,057,044,032,056,040,037,114,115,112,041,010
009,099,109,112,108,009,036,049,049,051,044,032,037,101,097,120,010
009,106,110,101,009,046,076,050,010
009,109,111,118,113,009,049,050,048,040,037,114,115,112,041,044,032,037,114,097,120,010
009,115,117,098,113,009,037,102,115,058,052,048,044,032,037,114,097,120,010
009,106,110,101,009,046,076,049,053,010
009,097,100,100,113,009,036,049,051,054,044,032,037,114,115,112,010
009,046,099,102,105,095,114,101,109,101,109,098,101,114,095,115,116,097,116,101,010
009,046,099,102,105,095,100,101,102,095,099,102,097,095,111,102,102,115,101,116,032,053,054,010
009,112,111,112,113,009,037,114,098,120,010
009,046,099,102,105,095,100,101,102,095,099,102,097,095,111,102,102,115,101,116,032,052,056,010
009,112,111,112,113,009,037,114,098,112,010
009,046,099,102,105,095,100,101,102,095,099,102,097,095,111,102,102,115,101,116,032,052,048,010
009,112,111,112,113,009,037,114,049,050,010
009,046,099,102,105,095,100,101,102,095,099,102,097,095,111,102,102,115,101,116,032,051,050,010
009,112,111,112,113,009,037,114,049,051,010
009,046,099,102,105,095,100,101,102,095,099,102,097,095,111,102,102,115,101,116,032,050,052,010
009,112,111,112,113,009,037,114,049,052,010
009,046,099,102,105,095,100,101,102,095,099,102,097,095,111,102,102,115,101,116,032,049,054,010
009,112,111,112,113,009,037,114,049,053,010
009,046,099,102,105,095,100,101,102,095,099,102,097,095,111,102,102,115,101,116,032,056,010
009,114,101,116,010
046,076,049,053,058,010
009,046,099,102,105,095,114,101,115,116,111,114,101,095,115,116,097,116,101,010
009,099,097,108,108,009,095,095,115,116,097,099,107,095,099,104,107,095,102,097,105,108,064,080,076,084,010
009,046,099,102,105,095,101,110,100,112,114,111,099,010
046,076,070,069,053,050,058,010
009,046,115,105,122,101,009,100,114,097,119,095,099,105,114,099,108,101,044,032,046,045,100,114,097,119,095,099,105,114,099,108,101,010
009,046,112,050,097,108,105,103,110,032,052,010
009,046,103,108,111,098,108,009,105,110,115,101,114,116,095,116,101,120,116,010
009,046,116,121,112,101,009,105,110,115,101,114,116,095,116,101,120,116,044,032,064,102,117,110,099,116,105,111,110,010
105,110,115,101,114,116,095,116,101,120,116,058,010
046,076,070,066,053,051,058,010
009,046,099,102,105,095,115,116,097,114,116,112,114,111,099,010
009,101,110,100,098,114,054,052,010
009,112,117,115,104,113,009,037,114,098,112,010
009,046,099,102,105,095,100,101,102,095,099,102,097,095,111,102,102,115,101,116,032,049,054,010
009,046,099,102,105,095,111,102,102,115,101,116,032,054,044,032,045,049,054,010
009,109,111,118,113,009,037,114,100,105,044,032,037,114,098,112,010
009,109,111,118,113,009,037,114,115,105,044,032,037,114,100,105,010
009,112,117,115,104,113,009,037,114,098,120,010
009,046,099,102,105,095,100,101,102,095,099,102,097,095,111,102,102,115,101,116,032,050,052,010
009,046,099,102,105,095,111,102,102,115,101,116,032,051,044,032,045,050,052,010
009,109,111,118,113,009,037,114,115,105,044,032,037,114,098,120,010
009,115,117,098,113,009,036,056,044,032,037,114,115,112,010
009,046,099,102,105,095,100,101,102,095,099,102,097,095,111,102,102,115,101,116,032,051,050,010
009,099,097,108,108,009,115,116,114,108,101,110,064,080,076,084,010
009,116,101,115,116,108,009,037,101,097,120,044,032,037,101,097,120,010
009,106,108,101,009,046,076,049,054,010
009,109,111,118,113,009,037,114,097,120,044,032,037,114,100,120,010
009,109,111,118,108,009,036,051,051,056,044,032,037,101,097,120,010
009,108,101,097,113,009,049,040,037,114,098,120,041,044,032,037,114,049,048,010
009,115,117,098,108,009,037,101,100,120,044,032,037,101,097,120,010
009,109,111,118,108,009,037,101,100,120,044,032,037,114,056,100,010
009,109,111,118,108,009,037,101,097,120,044,032,037,101,099,120,010
009,115,104,114,108,009,036,051,049,044,032,037,101,099,120,010
009,097,100,100,108,009,037,101,097,120,044,032,037,101,099,120,010
009,108,101,097,108,009,045,049,040,037,114,100,120,041,044,032,037,101,097,120,010
009,115,097,114,108,009,037,101,099,120,010
009,109,111,118,115,108,113,009,037,101,099,120,044,032,037,114,115,105,010
009,108,101,097,113,009,049,056,057,056,052,040,037,114,098,112,044,037,114,115,105,041,044,032,037,114,100,105,010
009,109,111,118,113,009,037,114,100,105,044,032,037,114,057,010
009,115,117,098,113,009,037,114,049,048,044,032,037,114,057,010
009,099,109,112,113,009,036,049,052,044,032,037,114,057,010
009,106,098,101,009,046,076,049,056,010
009,099,109,112,108,009,036,054,044,032,037,101,097,120,010
009,106,098,101,009,046,076,049,056,010
009,099,109,112,108,009,036,049,052,044,032,037,101,097,120,010
009,106,098,101,009,046,076,050,054,010
009,109,111,118,108,009,037,101,100,120,044,032,037,101,115,105,010
009,120,111,114,108,009,037,101,097,120,044,032,037,101,097,120,010
009,115,104,114,108,009,036,052,044,032,037,101,115,105,010
009,115,097,108,113,009,036,052,044,032,037,114,115,105,010
009,046,112,050,097,108,105,103,110,032,052,044,044,049,048,010
009,046,112,050,097,108,105,103,110,032,051,010
046,076,050,048,058,010
009,109,111,118,100,113,117,009,040,037,114,098,120,044,037,114,097,120,041,044,032,037,120,109,109,048,010
009,109,111,118,117,112,115,009,037,120,109,109,048,044,032,040,037,114,100,105,044,037,114,097,120,041,010
009,097,100,100,113,009,036,049,054,044,032,037,114,097,120,010
009,099,109,112,113,009,037,114,097,120,044,032,037,114,115,105,010
009,106,110,101,009,046,076,050,048,010
009,109,111,118,108,009,037,101,100,120,044,032,037,101,115,105,010
009,097,110,100,108,009,036,045,049,054,044,032,037,101,115,105,010
009,109,111,118,108,009,037,101,115,105,044,032,037,101,097,120,010
009,099,109,112,108,009,037,101,115,105,044,032,037,101,100,120,010
009,106,101,009,046,076,049,054,010
009,109,111,118,108,009,037,101,100,120,044,032,037,114,056,100,010
009,115,117,098,108,009,037,101,115,105,044,032,037,114,056,100,010
009,108,101,097,108,009,045,049,040,037,114,056,041,044,032,037,114,057,100,010
009,099,109,112,108,009,036,054,044,032,037,114,057,100,010
009,106,098,101,009,046,076,050,050,010
046,076,049,057,058,010
009,109,111,118,113,009,040,037,114,098,120,044,037,114,115,105,041,044,032,037,114,057,010
009,109,111,118,113,009,037,114,057,044,032,040,037,114,100,105,044,037,114,115,105,041,010
009,109,111,118,108,009,037,114,056,100,044,032,037,101,115,105,010
009,097,110,100,108,009,036,045,056,044,032,037,101,115,105,010
009,097,100,100,108,009,037,101,115,105,044,032,037,101,097,120,010
009,099,109,112,108,009,037,101,115,105,044,032,037,114,056,100,010
009,106,101,009,046,076,049,054,010
046,076,050,050,058,010
009,109,111,118,115,108,113,009,037,101,097,120,044,032,037,114,115,105,010
009,109,111,118,122,098,108,009,040,037,114,098,120,044,037,114,115,105,041,044,032,037,101,100,105,010
009,108,101,097,108,009,040,037,114,099,120,044,037,114,097,120,041,044,032,037,101,115,105,010
009,109,111,118,115,108,113,009,037,101,115,105,044,032,037,114,115,105,010
009,109,111,118,098,009,037,100,105,108,044,032,049,056,057,056,052,040,037,114,098,112,044,037,114,115,105,041,010
009,108,101,097,108,009,049,040,037,114,097,120,041,044,032,037,101,115,105,010
009,099,109,112,108,009,037,101,115,105,044,032,037,101,100,120,010
009,106,108,101,009,046,076,049,054,010
009,109,111,118,115,108,113,009,037,101,115,105,044,032,037,114,100,105,010
009,097,100,100,108,009,037,101,099,120,044,032,037,101,115,105,010
009,109,111,118,122,098,108,009,040,037,114,098,120,044,037,114,100,105,041,044,032,037,101,100,105,010
009,109,111,118,115,108,113,009,037,101,115,105,044,032,037,114,115,105,010
009,109,111,118,098,009,037,100,105,108,044,032,049,056,057,056,052,040,037,114,098,112,044,037,114,115,105,041,010
009,108,101,097,108,009,050,040,037,114,097,120,041,044,032,037,101,115,105,010
009,099,109,112,108,009,037,101,115,105,044,032,037,101,100,120,010
009,106,108,101,009,046,076,049,054,010
009,109,111,118,115,108,113,009,037,101,115,105,044,032,037,114,100,105,010
009,097,100,100,108,009,037,101,099,120,044,032,037,101,115,105,010
009,109,111,118,122,098,108,009,040,037,114,098,120,044,037,114,100,105,041,044,032,037,101,100,105,010
009,109,111,118,115,108,113,009,037,101,115,105,044,032,037,114,115,105,010
009,109,111,118,098,009,037,100,105,108,044,032,049,056,057,056,052,040,037,114,098,112,044,037,114,115,105,041,010
009,108,101,097,108,009,051,040,037,114,097,120,041,044,032,037,101,115,105,010
009,099,109,112,108,009,037,101,115,105,044,032,037,101,100,120,010
009,106,108,101,009,046,076,049,054,010
009,109,111,118,115,108,113,009,037,101,115,105,044,032,037,114,100,105,010
009,097,100,100,108,009,037,101,099,120,044,032,037,101,115,105,010
009,109,111,118,122,098,108,009,040,037,114,098,120,044,037,114,100,105,041,044,032,037,101,100,105,010
009,109,111,118,115,108,113,009,037,101,115,105,044,032,037,114,115,105,010
009,109,111,118,098,009,037,100,105,108,044,032,049,056,057,056,052,040,037,114,098,112,044,037,114,115,105,041,010
009,108,101,097,108,009,052,040,037,114,097,120,041,044,032,037,101,115,105,010
009,099,109,112,108,009,037,101,115,105,044,032,037,101,100,120,010
009,106,108,101,009,046,076,049,054,010
009,109,111,118,115,108,113,009,037,101,115,105,044,032,037,114,100,105,010
009,097,100,100,108,009,037,101,099,120,044,032,037,101,115,105,010
009,109,111,118,122,098,108,009,040,037,114,098,120,044,037,114,100,105,041,044,032,037,101,100,105,010
009,109,111,118,115,108,113,009,037,101,115,105,044,032,037,114,115,105,010
009,109,111,118,098,009,037,100,105,108,044,032,049,056,057,056,052,040,037,114,098,112,044,037,114,115,105,041,010
009,108,101,097,108,009,053,040,037,114,097,120,041,044,032,037,101,115,105,010
009,099,109,112,108,009,037,101,115,105,044,032,037,101,100,120,010
009,106,108,101,009,046,076,049,054,010
009,109,111,118,115,108,113,009,037,101,115,105,044,032,037,114,100,105,010
009,097,100,100,108,009,037,101,099,120,044,032,037,101,115,105,010
009,097,100,100,108,009,036,054,044,032,037,101,097,120,010
009,109,111,118,122,098,108,009,040,037,114,098,120,044,037,114,100,105,041,044,032,037,101,100,105,010
009,109,111,118,115,108,113,009,037,101,115,105,044,032,037,114,115,105,010
009,109,111,118,098,009,037,100,105,108,044,032,049,056,057,056,052,040,037,114,098,112,044,037,114,115,105,041,010
009,099,109,112,108,009,037,101,097,120,044,032,037,101,100,120,010
009,106,108,101,009,046,076,049,054,010
009,109,111,118,115,108,113,009,037,101,097,120,044,032,037,114,100,120,010
009,097,100,100,108,009,037,101,097,120,044,032,037,101,099,120,010
009,109,111,118,122,098,108,009,040,037,114,098,120,044,037,114,100,120,041,044,032,037,101,100,120,010
009,109,111,118,115,108,113,009,037,101,099,120,044,032,037,114,099,120,010
009,109,111,118,098,009,037,100,108,044,032,049,056,057,056,052,040,037,114,098,112,044,037,114,099,120,041,010
046,076,049,054,058,010
009,097,100,100,113,009,036,056,044,032,037,114,115,112,010
009,046,099,102,105,095,114,101,109,101,109,098,101,114,095,115,116,097,116,101,010
009,046,099,102,105,095,100,101,102,095,099,102,097,095,111,102,102,115,101,116,032,050,052,010
009,112,111,112,113,009,037,114,098,120,010
009,046,099,102,105,095,100,101,102,095,099,102,097,095,111,102,102,115,101,116,032,049,054,010
009,112,111,112,113,009,037,114,098,112,010
009,046,099,102,105,095,100,101,102,095,099,102,097,095,111,102,102,115,101,116,032,056,010
009,114,101,116,010
009,046,112,050,097,108,105,103,110,032,052,044,044,049,048,010
009,046,112,050,097,108,105,103,110,032,051,010
046,076,049,056,058,010
009,046,099,102,105,095,114,101,115,116,111,114,101,095,115,116,097,116,101,010
009,109,111,118,108,009,037,101,097,120,044,032,037,101,100,120,010
009,097,100,100,113,009,037,114,098,112,044,032,037,114,115,105,010
009,120,111,114,108,009,037,101,097,120,044,032,037,101,097,120,010
009,046,112,050,097,108,105,103,110,032,052,044,044,049,048,010
009,046,112,050,097,108,105,103,110,032,051,010
046,076,050,052,058,010
009,109,111,118,122,098,108,009,040,037,114,098,120,044,037,114,097,120,041,044,032,037,101,099,120,010
009,109,111,118,098,009,037,099,108,044,032,049,056,057,056,052,040,037,114,115,105,044,037,114,097,120,041,010
009,109,111,118,113,009,037,114,097,120,044,032,037,114,099,120,010
009,097,100,100,113,009,036,049,044,032,037,114,097,120,010
009,099,109,112,113,009,037,114,100,120,044,032,037,114,099,120,010
009,106,110,101,009,046,076,050,052,010
009,097,100,100,113,009,036,056,044,032,037,114,115,112,010
009,046,099,102,105,095,114,101,109,101,109,098,101,114,095,115,116,097,116,101,010
009,046,099,102,105,095,100,101,102,095,099,102,097,095,111,102,102,115,101,116,032,050,052,010
009,112,111,112,113,009,037,114,098,120,010
009,046,099,102,105,095,100,101,102,095,099,102,097,095,111,102,102,115,101,116,032,049,054,010
009,112,111,112,113,009,037,114,098,112,010
009,046,099,102,105,095,100,101,102,095,099,102,097,095,111,102,102,115,101,116,032,056,010
009,114,101,116,010
046,076,050,054,058,010
009,046,099,102,105,095,114,101,115,116,111,114,101,095,115,116,097,116,101,010
009,120,111,114,108,009,037,101,115,105,044,032,037,101,115,105,010
009,120,111,114,108,009,037,101,097,120,044,032,037,101,097,120,010
009,106,109,112,009,046,076,049,057,010
009,046,099,102,105,095,101,110,100,112,114,111,099,010
046,076,070,069,053,051,058,010
009,046,115,105,122,101,009,105,110,115,101,114,116,095,116,101,120,116,044,032,046,045,105,110,115,101,114,116,095,116,101,120,116,010
009,046,115,101,099,116,105,111,110,009,046,114,111,100,097,116,097,046,115,116,114,049,046,049,044,034,097,077,083,034,044,064,112,114,111,103,098,105,116,115,044,049,010
046,076,067,053,058,010
009,046,115,116,114,105,110,103,009,034,073,032,099,104,097,110,103,101,100,032,116,104,101,032,119,111,114,108,100,034,010
009,046,115,101,099,116,105,111,110,009,046,116,101,120,116,046,115,116,097,114,116,117,112,044,034,097,120,034,044,064,112,114,111,103,098,105,116,115,010
009,046,112,050,097,108,105,103,110,032,052,010
009,046,103,108,111,098,108,009,109,097,105,110,010
009,046,116,121,112,101,009,109,097,105,110,044,032,064,102,117,110,099,116,105,111,110,010
109,097,105,110,058,010
046,076,070,066,053,049,058,010
009,046,099,102,105,095,115,116,097,114,116,112,114,111,099,010
009,101,110,100,098,114,054,052,010
009,112,117,115,104,113,009,037,114,049,050,010
009,046,099,102,105,095,100,101,102,095,099,102,097,095,111,102,102,115,101,116,032,049,054,010
009,046,099,102,105,095,111,102,102,115,101,116,032,049,050,044,032,045,049,054,010
009,112,117,115,104,113,009,037,114,098,112,010
009,046,099,102,105,095,100,101,102,095,099,102,097,095,111,102,102,115,101,116,032,050,052,010
009,046,099,102,105,095,111,102,102,115,101,116,032,054,044,032,045,050,052,010
009,112,117,115,104,113,009,037,114,098,120,010
009,046,099,102,105,095,100,101,102,095,099,102,097,095,111,102,102,115,101,116,032,051,050,010
009,046,099,102,105,095,111,102,102,115,101,116,032,051,044,032,045,051,050,010
009,108,101,097,113,009,045,051,054,056,054,052,040,037,114,115,112,041,044,032,037,114,049,049,010
009,046,099,102,105,095,100,101,102,095,099,102,097,032,049,049,044,032,051,054,056,057,054,010
046,076,080,083,082,076,048,058,010
009,115,117,098,113,009,036,052,048,057,054,044,032,037,114,115,112,010
009,111,114,113,009,036,048,044,032,040,037,114,115,112,041,010
009,099,109,112,113,009,037,114,049,049,044,032,037,114,115,112,010
009,106,110,101,009,046,076,080,083,082,076,048,010
009,046,099,102,105,095,100,101,102,095,099,102,097,095,114,101,103,105,115,116,101,114,032,055,010
009,115,117,098,113,009,036,049,052,053,054,044,032,037,114,115,112,010
009,046,099,102,105,095,100,101,102,095,099,102,097,095,111,102,102,115,101,116,032,051,056,051,053,050,010
009,120,111,114,108,009,037,101,100,105,044,032,037,101,100,105,010
009,109,111,118,113,009,037,102,115,058,052,048,044,032,037,114,097,120,010
009,109,111,118,113,009,037,114,097,120,044,032,051,056,051,049,050,040,037,114,115,112,041,010
009,120,111,114,108,009,037,101,097,120,044,032,037,101,097,120,010
009,109,111,118,113,009,037,114,115,112,044,032,037,114,049,050,010
009,108,101,097,113,009,051,056,051,048,055,040,037,114,115,112,041,044,032,037,114,098,120,010
009,099,097,108,108,009,116,105,109,101,064,080,076,084,010
009,109,111,118,113,009,037,114,049,050,044,032,037,114,098,112,010
009,109,111,118,108,009,037,101,097,120,044,032,037,101,100,105,010
009,099,097,108,108,009,115,114,097,110,100,064,080,076,084,010
009,109,111,118,113,009,037,114,049,050,044,032,037,114,100,120,010
009,109,111,118,097,098,115,113,009,036,050,051,049,052,056,056,053,053,051,048,056,049,056,052,053,051,053,051,054,044,032,037,114,097,120,010
046,076,051,055,058,010
009,108,101,097,113,009,056,040,037,114,100,120,041,044,032,037,114,100,105,010
009,109,111,118,113,009,037,114,100,120,044,032,037,114,099,120,010
009,109,111,118,113,009,037,114,097,120,044,032,040,037,114,100,120,041,010
009,097,100,100,113,009,036,051,051,057,044,032,037,114,100,120,010
009,097,110,100,113,009,036,045,056,044,032,037,114,100,105,010
009,109,111,118,113,009,037,114,097,120,044,032,045,057,040,037,114,100,120,041,010
009,115,117,098,113,009,037,114,100,105,044,032,037,114,099,120,010
009,097,100,100,108,009,036,051,051,056,044,032,037,101,099,120,010
009,115,104,114,108,009,036,051,044,032,037,101,099,120,010
009,114,101,112,032,115,116,111,115,113,010
009,109,111,118,098,009,036,048,044,032,045,049,040,037,114,100,120,041,010
009,099,109,112,113,009,037,114,100,120,044,032,037,114,098,120,010
009,106,110,101,009,046,076,051,055,010
009,109,111,118,113,009,037,114,049,050,044,032,037,114,100,105,010
009,099,097,108,108,009,100,114,097,119,095,099,105,114,099,108,101,010
009,108,101,097,113,009,046,076,067,053,040,037,114,105,112,041,044,032,037,114,115,105,010
009,109,111,118,113,009,037,114,049,050,044,032,037,114,100,105,010
009,099,097,108,108,009,105,110,115,101,114,116,095,116,101,120,116,010
046,076,051,056,058,010
009,109,111,118,113,009,037,114,098,112,044,032,037,114,100,105,010
009,097,100,100,113,009,036,051,051,057,044,032,037,114,098,112,010
009,099,097,108,108,009,112,117,116,115,064,080,076,084,010
009,099,109,112,113,009,037,114,098,112,044,032,037,114,098,120,010
009,106,110,101,009,046,076,051,056,010
009,109,111,118,113,009,051,056,051,049,050,040,037,114,115,112,041,044,032,037,114,097,120,010
009,115,117,098,113,009,037,102,115,058,052,048,044,032,037,114,097,120,010
009,106,110,101,009,046,076,052,051,010
009,097,100,100,113,009,036,051,056,051,050,048,044,032,037,114,115,112,010
009,046,099,102,105,095,114,101,109,101,109,098,101,114,095,115,116,097,116,101,010
009,046,099,102,105,095,100,101,102,095,099,102,097,095,111,102,102,115,101,116,032,051,050,010
009,120,111,114,108,009,037,101,097,120,044,032,037,101,097,120,010
009,112,111,112,113,009,037,114,098,120,010
009,046,099,102,105,095,100,101,102,095,099,102,097,095,111,102,102,115,101,116,032,050,052,010
009,112,111,112,113,009,037,114,098,112,010
009,046,099,102,105,095,100,101,102,095,099,102,097,095,111,102,102,115,101,116,032,049,054,010
009,112,111,112,113,009,037,114,049,050,010
009,046,099,102,105,095,100,101,102,095,099,102,097,095,111,102,102,115,101,116,032,056,010
009,114,101,116,010
046,076,052,051,058,010
009,046,099,102,105,095,114,101,115,116,111,114,101,095,115,116,097,116,101,010
009,099,097,108,108,009,095,095,115,116,097,099,107,095,099,104,107,095,102,097,105,108,064,080,076,084,010
009,046,099,102,105,095,101,110,100,112,114,111,099,010
046,076,070,069,053,049,058,010
009,046,115,105,122,101,009,109,097,105,110,044,032,046,045,109,097,105,110,010
009,046,116,101,120,116,010
009,046,112,050,097,108,105,103,110,032,052,010
009,046,103,108,111,098,108,009,112,114,105,110,116,095,097,114,114,097,121,010
009,046,116,121,112,101,009,112,114,105,110,116,095,097,114,114,097,121,044,032,064,102,117,110,099,116,105,111,110,010
112,114,105,110,116,095,097,114,114,097,121,058,010
046,076,070,066,053,052,058,010
009,046,099,102,105,095,115,116,097,114,116,112,114,111,099,010
009,101,110,100,098,114,054,052,010
009,112,117,115,104,113,009,037,114,098,112,010
009,046,099,102,105,095,100,101,102,095,099,102,097,095,111,102,102,115,101,116,032,049,054,010
009,046,099,102,105,095,111,102,102,115,101,116,032,054,044,032,045,049,054,010
009,108,101,097,113,009,051,056,051,048,055,040,037,114,100,105,041,044,032,037,114,098,112,010
009,112,117,115,104,113,009,037,114,098,120,010
009,046,099,102,105,095,100,101,102,095,099,102,097,095,111,102,102,115,101,116,032,050,052,010
009,046,099,102,105,095,111,102,102,115,101,116,032,051,044,032,045,050,052,010
009,109,111,118,113,009,037,114,100,105,044,032,037,114,098,120,010
009,115,117,098,113,009,036,056,044,032,037,114,115,112,010
009,046,099,102,105,095,100,101,102,095,099,102,097,095,111,102,102,115,101,116,032,051,050,010
009,046,112,050,097,108,105,103,110,032,052,044,044,049,048,010
009,046,112,050,097,108,105,103,110,032,051,010
046,076,052,053,058,010
009,109,111,118,113,009,037,114,098,120,044,032,037,114,100,105,010
009,097,100,100,113,009,036,051,051,057,044,032,037,114,098,120,010
009,099,097,108,108,009,112,117,116,115,064,080,076,084,010
009,099,109,112,113,009,037,114,098,112,044,032,037,114,098,120,010
009,106,110,101,009,046,076,052,053,010
009,097,100,100,113,009,036,056,044,032,037,114,115,112,010
009,046,099,102,105,095,100,101,102,095,099,102,097,095,111,102,102,115,101,116,032,050,052,010
009,112,111,112,113,009,037,114,098,120,010
009,046,099,102,105,095,100,101,102,095,099,102,097,095,111,102,102,115,101,116,032,049,054,010
009,112,111,112,113,009,037,114,098,112,010
009,046,099,102,105,095,100,101,102,095,099,102,097,095,111,102,102,115,101,116,032,056,010
009,114,101,116,010
009,046,099,102,105,095,101,110,100,112,114,111,099,010
046,076,070,069,053,052,058,010
009,046,115,105,122,101,009,112,114,105,110,116,095,097,114,114,097,121,044,032,046,045,112,114,105,110,116,095,097,114,114,097,121,010
009,046,112,050,097,108,105,103,110,032,052,010
009,046,103,108,111,098,108,009,114,097,110,100,111,109,095,099,104,097,114,010
009,046,116,121,112,101,009,114,097,110,100,111,109,095,099,104,097,114,044,032,064,102,117,110,099,116,105,111,110,010
114,097,110,100,111,109,095,099,104,097,114,058,010
046,076,070,066,053,053,058,010
009,046,099,102,105,095,115,116,097,114,116,112,114,111,099,010
009,101,110,100,098,114,054,052,010
009,115,117,098,113,009,036,049,050,048,044,032,037,114,115,112,010
009,046,099,102,105,095,100,101,102,095,099,102,097,095,111,102,102,115,101,116,032,049,050,056,010
009,109,111,118,100,113,097,009,046,076,067,054,040,037,114,105,112,041,044,032,037,120,109,109,048,010
009,109,111,118,113,009,037,102,115,058,052,048,044,032,037,114,097,120,010
009,109,111,118,113,009,037,114,097,120,044,032,049,048,052,040,037,114,115,112,041,010
009,120,111,114,108,009,037,101,097,120,044,032,037,101,097,120,010
009,109,111,118,108,009,036,050,048,056,056,052,054,055,048,054,053,044,032,056,056,040,037,114,115,112,041,010
009,109,111,118,097,098,115,113,009,036,056,054,056,048,053,051,055,048,053,051,054,049,054,056,057,052,053,055,055,044,032,037,114,097,120,010
009,109,111,118,097,112,115,009,037,120,109,109,048,044,032,040,037,114,115,112,041,010
009,109,111,118,100,113,097,009,046,076,067,055,040,037,114,105,112,041,044,032,037,120,109,109,048,010
009,109,111,118,113,009,037,114,097,120,044,032,056,048,040,037,114,115,112,041,010
009,109,111,118,108,009,036,051,050,051,056,049,044,032,037,101,097,120,010
009,109,111,118,097,112,115,009,037,120,109,109,048,044,032,049,054,040,037,114,115,112,041,010
009,109,111,118,100,113,097,009,046,076,067,056,040,037,114,105,112,041,044,032,037,120,109,109,048,010
009,109,111,118,119,009,037,097,120,044,032,057,050,040,037,114,115,112,041,010
009,109,111,118,097,112,115,009,037,120,109,109,048,044,032,051,050,040,037,114,115,112,041,010
009,109,111,118,100,113,097,009,046,076,067,057,040,037,114,105,112,041,044,032,037,120,109,109,048,010
009,109,111,118,098,009,036,048,044,032,057,052,040,037,114,115,112,041,010
009,109,111,118,097,112,115,009,037,120,109,109,048,044,032,052,056,040,037,114,115,112,041,010
009,109,111,118,100,113,097,009,046,076,067,052,040,037,114,105,112,041,044,032,037,120,109,109,048,010
009,109,111,118,097,112,115,009,037,120,109,109,048,044,032,054,052,040,037,114,115,112,041,010
009,099,097,108,108,009,114,097,110,100,064,080,076,084,010
009,109,111,118,115,108,113,009,037,101,097,120,044,032,037,114,100,120,010
009,109,111,118,108,009,037,101,097,120,044,032,037,101,099,120,010
009,105,109,117,108,113,009,036,045,049,051,055,048,055,051,052,050,052,051,044,032,037,114,100,120,044,032,037,114,100,120,010
009,115,097,114,108,009,036,051,049,044,032,037,101,099,120,010
009,115,104,114,113,009,036,051,050,044,032,037,114,100,120,010
009,097,100,100,108,009,037,101,097,120,044,032,037,101,100,120,010
009,115,097,114,108,009,036,054,044,032,037,101,100,120,010
009,115,117,098,108,009,037,101,099,120,044,032,037,101,100,120,010
009,105,109,117,108,108,009,036,057,052,044,032,037,101,100,120,044,032,037,101,100,120,010
009,115,117,098,108,009,037,101,100,120,044,032,037,101,097,120,010
009,099,108,116,113,010
009,109,111,118,122,098,108,009,040,037,114,115,112,044,037,114,097,120,041,044,032,037,101,097,120,010
009,109,111,118,113,009,049,048,052,040,037,114,115,112,041,044,032,037,114,100,120,010
009,115,117,098,113,009,037,102,115,058,052,048,044,032,037,114,100,120,010
009,106,110,101,009,046,076,053,049,010
009,097,100,100,113,009,036,049,050,048,044,032,037,114,115,112,010
009,046,099,102,105,095,114,101,109,101,109,098,101,114,095,115,116,097,116,101,010
009,046,099,102,105,095,100,101,102,095,099,102,097,095,111,102,102,115,101,116,032,056,010
009,114,101,116,010
046,076,053,049,058,010
009,046,099,102,105,095,114,101,115,116,111,114,101,095,115,116,097,116,101,010
009,099,097,108,108,009,095,095,115,116,097,099,107,095,099,104,107,095,102,097,105,108,064,080,076,084,010
009,046,099,102,105,095,101,110,100,112,114,111,099,010
046,076,070,069,053,053,058,010
009,046,115,105,122,101,009,114,097,110,100,111,109,095,099,104,097,114,044,032,046,045,114,097,110,100,111,109,095,099,104,097,114,010
009,046,115,101,099,116,105,111,110,009,046,114,111,100,097,116,097,046,099,115,116,052,044,034,097,077,034,044,064,112,114,111,103,098,105,116,115,044,052,010
009,046,097,108,105,103,110,032,052,010
046,076,067,048,058,010
009,046,108,111,110,103,009,049,049,051,053,049,052,057,048,053,054,010
009,046,115,101,099,116,105,111,110,009,046,114,111,100,097,116,097,046,099,115,116,056,044,034,097,077,034,044,064,112,114,111,103,098,105,116,115,044,056,010
009,046,097,108,105,103,110,032,056,010
046,076,067,049,058,010
009,046,108,111,110,103,009,045,056,053,056,057,057,051,052,053,057,010
009,046,108,111,110,103,009,049,048,055,050,052,056,051,053,051,050,010
009,046,097,108,105,103,110,032,056,010
046,076,067,050,058,010
009,046,108,111,110,103,009,045,049,055,049,055,057,056,054,057,049,056,010
009,046,108,111,110,103,009,049,048,055,050,055,057,056,049,048,053,010
009,046,115,101,099,116,105,111,110,009,046,114,111,100,097,116,097,046,099,115,116,052,010
009,046,097,108,105,103,110,032,052,010
046,076,067,051,058,010
009,046,108,111,110,103,009,049,049,050,050,049,048,055,051,057,050,010
009,046,115,101,099,116,105,111,110,009,046,114,111,100,097,116,097,046,099,115,116,049,054,044,034,097,077,034,044,064,112,114,111,103,098,105,116,115,044,049,054,010
009,046,097,108,105,103,110,032,049,054,010
046,076,067,052,058,010
009,046,113,117,097,100,009,055,053,050,051,048,057,052,050,056,056,050,048,055,054,054,055,056,048,057,010
009,046,113,117,097,100,009,056,049,048,049,056,049,053,054,055,048,057,049,050,050,056,049,049,057,051,010
009,046,097,108,105,103,110,032,049,054,010
046,076,067,054,058,010
009,046,113,117,097,100,009,050,056,057,051,051,050,051,050,050,054,053,055,048,055,054,048,055,051,055,010
009,046,113,117,097,100,009,051,052,055,050,048,052,052,054,048,057,050,055,053,051,055,052,049,050,049,010
009,046,097,108,105,103,110,032,049,054,010
046,076,067,055,058,010
009,046,113,117,097,100,009,052,048,053,048,055,054,053,057,057,049,057,055,057,057,056,055,053,048,053,010
009,046,113,117,097,100,009,052,054,050,057,052,056,055,051,055,052,054,056,052,054,048,048,056,056,057,010
009,046,097,108,105,103,110,032,049,054,010
046,076,067,056,058,010
009,046,113,117,097,100,009,053,050,048,056,050,048,056,055,053,055,051,056,057,050,049,052,050,055,051,010
009,046,113,117,097,100,009,053,055,056,054,057,051,048,049,052,048,048,057,051,056,050,055,054,053,055,010
009,046,097,108,105,103,110,032,049,054,010
046,076,067,057,058,010
009,046,113,117,097,100,009,054,051,054,053,054,053,049,053,050,050,055,057,056,052,052,049,048,052,049,010
009,046,113,117,097,100,009,054,057,052,052,051,055,050,057,048,053,053,048,051,048,053,052,052,050,053,010
009,046,105,100,101,110,116,009,034,071,067,067,058,032,040,085,098,117,110,116,117,032,049,049,046,050,046,048,045,049,057,117,098,117,110,116,117,049,041,032,049,049,046,050,046,048,034,010
009,046,115,101,099,116,105,111,110,009,046,110,111,116,101,046,071,078,085,045,115,116,097,099,107,044,034,034,044,064,112,114,111,103,098,105,116,115,010
009,046,115,101,099,116,105,111,110,009,046,110,111,116,101,046,103,110,117,046,112,114,111,112,101,114,116,121,044,034,097,034,010
009,046,097,108,105,103,110,032,056,010
009,046,108,111,110,103,009,049,102,032,045,032,048,102,010
009,046,108,111,110,103,009,052,102,032,045,032,049,102,010
009,046,108,111,110,103,009,053,010
048,058,010
009,046,115,116,114,105,110,103,009,034,071,078,085,034,010
049,058,010
009,046,097,108,105,103,110,032,056,010
009,046,108,111,110,103,009,048,120,099,048,048,048,048,048,048,050,010
009,046,108,111,110,103,009,051,102,032,045,032,050,102,010
050,058,010
009,046,108,111,110,103,009,048,120,051,010
051,058,010
009,046,097,108,105,103,110,032,056,010
052,058,010
